POS_RK,POS_TIERS,PLAYER NAME,TEAM,FAN PTS
1,1,SAM LAPORTA,DET,153.3
2,1,TRAVIS KELCE,KC,126.4
3,1,MARK ANDREWS,BAL,90.4
4,2,TREY MCBRIDE,ARI,100.5
5,2,GEORGE KITTLE,SF,138.2
6,2,KYLE PITTS,ATL,84.3
7,2,DALTON KINCAID,BUF,77.3
8,2,DAVID NJOKU,CLE,120.2
9,2,JAKE FERGUSON,DAL,106.1
10,3,EVAN ENGRAM,JAC,116.3
11,3,DALLAS GOEDERT,PHI,77.3
12,3,BROCK BOWERS,LV,0
13,3,DALTON SCHULTZ,HOU,91.5
14,3,TJ HOCKENSON,MIN,124
15,3,PAT FREIERMUTH,PIT,44.8
16,3,COLE KMET,CHI,108.1
17,4,LUKE MUSGRAVE,GB,41.2
18,4,HUNTER HENRY,NE,77.9
19,4,JUWAN JOHNSON,NO,60.8
20,4,CADE OTTON,TB,69.5
21,4,CHIGOZIEM OKONKWO,TEN,59.4
22,4,TAYSOM HILL,NO,110.5
23,4,TUCKER KRAFT,GB,47.5
24,4,ISAIAH LIKELY,BAL,71.1
25,4,BEN SINNOTT,WAS,0
26,4,TYLER CONKLIN,NYJ,62.1
27,4,MICHAEL MAYER,LV,44.4
28,4,NOAH FANT,SEA,41.4
29,4,MIKE GESICKI,CIN,36.4
30,4,DAWSON KNOX,BUF,32.6
31,5,JELANI WOODS,IND,0
32,5,JATAVION SANDERS,CAR,0
33,5,TYLER HIGBEE,LAR,61.5
34,5,GERALD EVERETT,CHI,60.1
35,5,JONNU SMITH,MIA,74.2
36,5,ZACH ERTZ,WAS,24.7
37,5,GREG DULCICH,DEN,2.5
38,6,DANIEL BELLINGER,NYG,25.5
39,6,THEO JOHNSON,NYG,0
40,6,COLBY PARKINSON,LAR,36.7
41,6,DARREN WALLER,FA,61.2
42,6,DONALD PARHAM,LAC,52.5
43,6,HAYDEN HURST,LAC,24.4
44,6,LOGAN THOMAS,SF,71.8
45,6,NOAH GRAY,KC,42.6
46,6,KYLEN GRANSON,IND,43
47,6,TANNER HUDSON,CIN,41.2
48,6,BREVIN JORDAN,HOU,33.9
49,6,ERICK ALL,CIN,0
50,6,JEREMY RUCKERT,NYJ,15.1
51,6,CADE STOVER,HOU,0
52,6,JAHEIM BELL,NE,0
53,7,WILL DISSLY,LAC,23.2
54,7,JOHN MUNDT,MIN,23.2
55,7,DARNELL WASHINGTON,PIT,6.1
56,7,JOSH OLIVER,MIN,31.3
57,7,AUSTIN HOOPER,NE,23.4
58,7,WILL MALLORY,IND,20.7
59,7,DURHAM SMYTHE,MIA,36.6
60,7,ADAM TRAUTMAN,DEN,38.4
61,7,FOSTER MOREAU,NO,25.3
62,7,AJ BARNER,SEA,0
63,7,TOMMY TREMBLE,CAR,37.4
64,7,COLE TURNER,WAS,12
65,7,JARED WILEY,KC,0
66,7,BROCK WRIGHT,DET,15.1
67,7,TIP REIMAN,ARI,0
68,7,DAVIS ALLEN,LAR,15.5
69,7,LUKE SCHOONMAKER,DAL,18.5
70,7,IRV SMITH,KC,15.5
71,7,JOSH WHYLE,TEN,15.4
72,8,JORDAN AKINS,CLE,13.2
73,8,BRENTON STRANGE,JAC,9.5
74,8,HARRISON BRYANT,LV,24.9
75,8,MO ALIE-COX,IND,36.1
76,8,PHARAOH BROWN,SEA,24.8
77,8,LUKE FARRELL,JAC,15.5
78,8,LUCAS KRULL,DEN,15.5
79,8,ROBERT TONYAN,MIN,11.2
80,8,JOHN BATES,WAS,15.1
81,8,CHARLIE KOLAR,BAL,14.7
82,8,PEYTON HENDERSHOT,DAL,3.8
83,8,DREW SAMPLE,CIN,28.3
84,8,IAN THOMAS,CAR,5.6
85,8,ELIJAH HIGGINS,ARI,22.3
86,8,ANDREW OGLETREE,IND,26.7
87,8,CONNOR HEYWARD,PIT,16.7
88,8,MYCOLE PRUITT,PIT,17
89,8,CHARLIE WOERNER,ATL,3.2
90,8,TANNER MCLACHLAN,CIN,0
91,8,STONE SMARTT,LAC,21.5
92,8,CJ UZOMAH,PHI,11.8
93,8,DALLIN HOLKER,NO,0
94,8,JIMMY GRAHAM,FA,27.9
95,8,JACK STOLL,NYG,3.8
96,8,PAYNE DURHAM,TB,5.8
97,9,DEVIN CULP,TB,0
98,9,BRYCEN HOPKINS,FA,7.8
99,9,KO KIEFT,TB,6.2
100,9,JOE FORTSON,MIA,0
101,9,JOSIAH DEGUARA,JAC,6.5
102,9,ALBERT OKWUEGBUNAM,PHI,0
103,9,ZACK KUNTZ,NYJ,0
104,9,GEOFF SWAIM,FA,9.4
105,9,DANIEL MARX,FA,0
106,9,TEAGAN QUITORIANO,HOU,3.3
107,9,JACK WESTOVER,SEA,0
108,9,QUINTIN MORRIS,BUF,8.6
109,9,JULIAN HILL,MIA,2.8
110,9,JAMES MITCHELL,DET,2.8
111,9,BRYSON SUMLIN,FA,0
112,9,BREVYN SPANN-FORD,DAL,0
113,9,ROSS DWELLEY,ATL,1.2
114,9,TUCKER FISK,FA,0.9
115,9,CAMERON LATU,SF,0
116,9,BRAYDEN WILLIS,SF,0
117,9,STEPHEN SULLIVAN,CAR,12.5
118,9,HUNTER LONG,LAR,0
119,9,MICHAEL JACOBSON,NO,0
120,9,KENNY YEBOAH,NYJ,2.8
121,9,TYLER KROFT,FA,0
122,9,CHRIS MANHERTZ,NYG,1.6
123,10,MARCEDES LEWIS,CHI,8.9
124,10,BEN SIMS,GB,8.1
125,10,TIM BOYLE,FA,0
126,10,GIOVANNI RICCI,CLE,0.2
127,10,TYLER MABRY,SEA,0
128,10,STEPHEN CARLSON,CHI,0
129,10,BLAKE BELL,FA,6.6
130,10,TREVON WESCO,FA,2.1
131,10,KEVIN RADER,TEN,0.6
132,10,TYREE JACKSON,NYG,0
133,10,JESPER HORSTED,NO,0.4
134,10,GRANT CALCATERRA,PHI,3.9
135,10,MITCHELL WILCOX,NE,5.6
136,10,NICK VANNETT,TEN,0.3
137,10,DAVID WELLS,TB,-1
138,10,NATE ADKINS,DEN,2.2
139,10,CURTIS HODGES,FA,0
140,10,ERIC SAUBERT,SF,1.2
141,10,TOMMY HUDSON,NO,0
142,10,RODNEY WILLIAMS,PIT,0
143,10,COLE FOTHERINGHAM,LV,0.6
144,10,SEAN MCKEON,DET,0
145,10,SHANE ZYLSTRA,DET,0
146,10,TOMMY SWEENEY,CHI,0
147,10,ANTHONY FIRKSER,DET,0
148,10,ZACH GENTRY,LV,0
149,10,ANDREW BECK,HOU,27.8
