POS_RK,POS_TIERS,PLAYER NAME,TEAM,AVG_FAN PTS
1,1,SAM LAPORTA,DET,9.0
2,1,TRAVIS KELCE,KC,8.4
3,1,MARK ANDREWS,BAL,9.0
4,2,TREY MCBRIDE,ARI,5.9
5,2,GEORGE KITTLE,SF,8.6
6,2,KYLE PITTS,ATL,5.0
7,2,DALTON KINCAID,BUF,4.8
8,2,DAVID NJOKU,CLE,7.5
9,2,JAKE FERGUSON,DAL,6.2
10,3,EVAN ENGRAM,JAC,6.8
11,3,DALLAS GOEDERT,PHI,5.5
12,3,BROCK BOWERS,LV,0
13,3,DALTON SCHULTZ,HOU,6.1
14,3,TJ HOCKENSON,MIN,8.3
15,3,PAT FREIERMUTH,PIT,3.7
16,3,COLE KMET,CHI,6.4
17,4,LUKE MUSGRAVE,GB,3.7
18,4,HUNTER HENRY,NE,5.6
19,4,JUWAN JOHNSON,NO,4.7
20,4,CADE OTTON,TB,4.1
21,4,CHIGOZIEM OKONKWO,TEN,3.5
22,4,TAYSOM HILL,NO,6.9
23,4,TUCKER KRAFT,GB,2.8
24,4,ISAIAH LIKELY,BAL,4.2
25,4,BEN SINNOTT,WAS,0
26,4,TYLER CONKLIN,NYJ,3.7
27,4,MICHAEL MAYER,LV,3.2
28,4,NOAH FANT,SEA,2.4
29,4,MIKE GESICKI,CIN,2.1
30,4,DAWSON KNOX,BUF,2.7
31,5,JELANI WOODS,IND,0
32,5,JATAVION SANDERS,CAR,0
33,5,TYLER HIGBEE,LAR,4.1
34,5,GERALD EVERETT,CHI,4.0
35,5,JONNU SMITH,MIA,4.4
36,5,ZACH ERTZ,WAS,3.5
37,5,GREG DULCICH,DEN,1.3
38,6,DANIEL BELLINGER,NYG,1.5
39,6,THEO JOHNSON,NYG,0
40,6,COLBY PARKINSON,LAR,2.2
41,6,DARREN WALLER,FA,5.1
42,6,DONALD PARHAM,LAC,3.8
43,6,HAYDEN HURST,LAC,2.4
44,6,LOGAN THOMAS,SF,4.5
45,6,NOAH GRAY,KC,2.5
46,6,KYLEN GRANSON,IND,2.9
47,6,TANNER HUDSON,CIN,3.4
48,6,BREVIN JORDAN,HOU,2.6
49,6,ERICK ALL,CIN,0
50,6,JEREMY RUCKERT,NYJ,1.0
51,6,CADE STOVER,HOU,0
52,6,JAHEIM BELL,NE,0
53,7,WILL DISSLY,LAC,1.4
54,7,JOHN MUNDT,MIN,1.4
55,7,DARNELL WASHINGTON,PIT,0.4
56,7,JOSH OLIVER,MIN,1.8
57,7,AUSTIN HOOPER,NE,1.4
58,7,WILL MALLORY,IND,1.7
59,7,DURHAM SMYTHE,MIA,2.3
60,7,ADAM TRAUTMAN,DEN,2.3
61,7,FOSTER MOREAU,NO,1.7
62,7,AJ BARNER,SEA,0
63,7,TOMMY TREMBLE,CAR,2.3
64,7,COLE TURNER,WAS,1.0
65,7,JARED WILEY,KC,0
66,7,BROCK WRIGHT,DET,1.1
67,7,TIP REIMAN,ARI,0
68,7,DAVIS ALLEN,LAR,1.0
69,7,LUKE SCHOONMAKER,DAL,1.1
70,7,IRV SMITH,KC,1.3
71,7,JOSH WHYLE,TEN,1.4
72,8,JORDAN AKINS,CLE,0.8
73,8,BRENTON STRANGE,JAC,0.7
74,8,HARRISON BRYANT,LV,1.5
75,8,MO ALIE-COX,IND,2.1
76,8,PHARAOH BROWN,SEA,1.5
77,8,LUKE FARRELL,JAC,0.9
78,8,LUCAS KRULL,DEN,2.2
79,8,ROBERT TONYAN,MIN,0.7
80,8,JOHN BATES,WAS,0.9
81,8,CHARLIE KOLAR,BAL,1.1
82,8,PEYTON HENDERSHOT,DAL,0.5
83,8,DREW SAMPLE,CIN,1.7
84,8,IAN THOMAS,CAR,0.5
85,8,ELIJAH HIGGINS,ARI,2.0
86,8,ANDREW OGLETREE,IND,2.2
87,8,CONNOR HEYWARD,PIT,1.0
88,8,MYCOLE PRUITT,PIT,1.0
89,8,CHARLIE WOERNER,ATL,0.2
90,8,TANNER MCLACHLAN,CIN,0
91,8,STONE SMARTT,LAC,1.3
92,8,CJ UZOMAH,PHI,1.0
93,8,DALLIN HOLKER,NO,0
94,8,JIMMY GRAHAM,FA,2.1
95,8,JACK STOLL,NYG,0.2
96,8,PAYNE DURHAM,TB,0.4
97,9,DEVIN CULP,TB,0
98,9,BRYCEN HOPKINS,FA,0.5
99,9,KO KIEFT,TB,0.4
100,9,JOE FORTSON,MIA,0
101,9,JOSIAH DEGUARA,JAC,0.4
102,9,ALBERT OKWUEGBUNAM,PHI,0.0
103,9,ZACK KUNTZ,NYJ,0.0
104,9,GEOFF SWAIM,FA,0.7
105,9,DANIEL MARX,FA,0
106,9,TEAGAN QUITORIANO,HOU,0.5
107,9,JACK WESTOVER,SEA,0
108,9,QUINTIN MORRIS,BUF,0.6
109,9,JULIAN HILL,MIA,0.2
110,9,JAMES MITCHELL,DET,0.2
111,9,BRYSON SUMLIN,FA,0
112,9,BREVYN SPANN-FORD,DAL,0
113,9,ROSS DWELLEY,ATL,0.1
114,9,TUCKER FISK,FA,0.1
115,9,CAMERON LATU,SF,0
116,9,BRAYDEN WILLIS,SF,0.0
117,9,STEPHEN SULLIVAN,CAR,1.1
118,9,HUNTER LONG,LAR,0.0
119,9,MICHAEL JACOBSON,NO,0
120,9,KENNY YEBOAH,NYJ,0.6
121,9,TYLER KROFT,FA,0.0
122,9,CHRIS MANHERTZ,NYG,0.1
123,10,MARCEDES LEWIS,CHI,0.5
124,10,BEN SIMS,GB,0.5
125,10,TIM BOYLE,FA,0
126,10,GIOVANNI RICCI,CLE,0.0
127,10,TYLER MABRY,SEA,0
128,10,STEPHEN CARLSON,CHI,0
129,10,BLAKE BELL,FA,0.4
130,10,TREVON WESCO,FA,0.1
131,10,KEVIN RADER,TEN,0.0
132,10,TYREE JACKSON,NYG,0.0
133,10,JESPER HORSTED,NO,0.1
134,10,GRANT CALCATERRA,PHI,0.3
135,10,MITCHELL WILCOX,NE,0.3
136,10,NICK VANNETT,TEN,0.0
137,10,DAVID WELLS,TB,-0.2
138,10,NATE ADKINS,DEN,0.2
139,10,CURTIS HODGES,FA,0
140,10,ERIC SAUBERT,SF,0.1
141,10,TOMMY HUDSON,NO,0
142,10,RODNEY WILLIAMS,PIT,0.0
143,10,COLE FOTHERINGHAM,LV,0.3
144,10,SEAN MCKEON,DET,0.0
145,10,SHANE ZYLSTRA,DET,0
146,10,TOMMY SWEENEY,CHI,0
147,10,ANTHONY FIRKSER,DET,0.0
148,10,ZACH GENTRY,LV,0.0
149,10,ANDREW BECK,HOU,1.9
